
{
  "book_health_check": {
    "title": "Book a Data Health Check",
    "description": "Start your journey to data clarity. Tell us about your project, and we'll connect with you to schedule your comprehensive 2-week audit."
  },
  "health-check": {
    "title": "Get Your Health Report",
    "description": "Start your journey to data clarity. Tell us about your project, and we'll connect with you to schedule your comprehensive 2-week audit."
  },
  "data-apps": {
    "title": "See a Live Demo",
    "description": "See our interactive data apps in action. Let us know what you're interested in, and we'll set up a personalized demonstration."
  },
  "strategy-advisory": {
    "title": "Book an Advisory Session",
    "description": "Get expert guidance on your data strategy. Share your challenges, and we'll schedule a session to explore solutions."
  },
  "start_journey": {
    "title": "Start Your Journey",
    "description": "Let's explore how data can transform your business. Share a few details, and we'll provide a personalized roadmap preview."
  },
  "free_intro": {
    "title": "Book a 30-Min Call",
    "description": "Schedule a quick 30-minute chat to see how Rudram can help you achieve your data goals."
  }
}
